,score,methods
0,0.6430198137876213,CN
1,0.41004009824546356,JS
2,0.6438418198825229,AA
3,0.28036094770599856,AS
4,0.7630889380195578,DP
5,0.6441278631611658,RA
6,0.7655525354877806,L3
7,0.7054209621277151,katz
8,0.7434093668136221,NR
9,0.29429580234390595,SR
10,0.7605749002603767,RPR
11,0.7660851547993083,my
