,score,methods
0,0.17786919492173214,CN
1,0.061898631012002756,JS
2,0.16459867341876033,AA
3,0.048367886834980986,AS
4,0.2362538452724145,DP
5,0.15460673991424936,RA
6,0.19720683331949698,L3
7,0.18569573284530366,katz
8,0.29734062089780944,NR
9,0.043012188584120835,SR
10,0.1396934876620389,RPR
11,0.3058944581382352,my
