,score,methods
0,0.07447093424719763,CN
1,0.07426382526596173,JS
2,0.07647208206142704,AA
3,0.06417814129813453,AS
4,0.06574631952345518,DP
5,0.0768176384797564,RA
6,0.06373373680122624,L3
7,0.07536046087529169,katz
8,0.07493562290381903,NR
9,0.06490191587622211,SR
10,0.07247694036720728,RPR
11,0.07674142175102028,my
