,score,methods
0,0.06392157526615891,CN
1,0.05783213064738388,JS
2,0.06449677543617426,AA
3,0.04610899256183154,AS
4,0.07037451827163857,DP
5,0.06375833626497134,RA
6,0.07177388643165489,L3
7,0.06694916528053067,katz
8,0.06875501589716784,NR
9,0.046639888946696295,SR
10,0.07050574853265135,RPR
11,0.07180282337975548,my
